{"gbt": {"n_estimators_200|learning_rate_0.01|max_depth_3|verbose_1": {"folds_train_acc": [0.9290329197005436, 0.9284314736516448, 0.9339379573327837, 0.9282183316168898, 0.9286009506096301, 0.9284016943899163, 0.9335603012483236, 0.9299691040164778, 0.9289099526066351, 0.9309955911001743, 0.930218196788802, 0.9317970445385967, 0.9288509060955519, 0.9301337203275629, 0.928164196123147, 0.9299627020306672, 0.9373833713456355, 0.9289026275115919, 0.9287259244000412, 0.9289094650205761, 0.9299979411159152, 0.9283205949184052, 0.9394001855096362, 0.9290561381863047, 0.935360824742268, 0.9289026275115919, 0.9306126644736842, 0.9330582774626096, 0.9312693498452013, 0.92866687223764, 0.9295295088732975, 0.9343617351692722, 0.930995241051107], "folds_cross_acc": [0.9799196787148594, 0.9867986798679867, 0.835016835016835, 0.993103448275862, 0.9720496894409938, 0.9906542056074766, 0.8664495114006515, 0.9310344827586207, 0.9761904761904762, 0.8866396761133604, 0.9507042253521126, 0.8978328173374613, 0.9861111111111112, 0.9376770538243626, 0.9971671388101983, 0.9281609195402298, 0.7598870056497176, 0.9796610169491525, 0.9656357388316151, 0.9928571428571429, 0.9300699300699301, 0.9937106918238994, 0.5656565656565656, 0.9781021897810219, 0.78, 0.976271186440678, 0.9558823529411765, 0.8622950819672132, 0.9419354838709677, 0.988929889298893, 0.9642857142857143, 0.8152492668621701, 0.9281437125748503], "folds_train_prec": [0.8187633262260128, 0.8179871520342612, 0.8215859030837004, 0.8217391304347826, 0.8205689277899344, 0.8228941684665226, 0.8208955223880597, 0.8195652173913044, 0.8203463203463204, 0.8193832599118943, 0.8260869565217391, 0.8253588516746412, 0.8201284796573876, 0.8181818181818182, 0.8217391304347826, 0.82, 0.8351063829787234, 0.8197424892703863, 0.8179824561403509, 0.8185654008438819, 0.816017316017316, 0.8197424892703863, 0.843501326259947, 0.8185745140388769, 0.8325358851674641, 0.8223684210526315, 0.8315334773218143, 0.8352941176470589, 0.8329621380846325, 0.8207343412526998, 0.821505376344086, 0.8297872340425532, 0.8235294117647058], "folds_cross_prec": [0.3333333333333333, 0.0, 1.0, 0.0, 0.6666666666666666, 0.0, 1.0, 0.0, 1.0, 0.7142857142857143, 0.6666666666666666, 0.7843137254901961, 0.0, 1.0, 1.0, 0.6923076923076923, 0.7789473684210526, 0.0, 1.0, 0.0, 1.0, 0.0, 0.95, 0.8, 0.896551724137931, 0.8, 0.5, 0.6666666666666666, 0.7894736842105263, 0.0, 1.0, 0.8214285714285714, 1.0], "folds_train_rec": [0.3874873864783047, 0.3854692230070636, 0.39978563772775993, 0.3806646525679758, 0.38109756097560976, 0.3840725806451613, 0.4074074074074074, 0.3870636550308008, 0.3843813387423935, 0.3862928348909657, 0.3885480572597137, 0.3701716738197425, 0.38686868686868686, 0.390495867768595, 0.3822042467138524, 0.38278008298755184, 0.36682242990654207, 0.3866396761133603, 0.37983706720977595, 0.3907351460221551, 0.38786008230452673, 0.3850806451612903, 0.3754427390791027, 0.3847715736040609, 0.38453038674033146, 0.38109756097560976, 0.3920570264765784, 0.38008565310492504, 0.38756476683937824, 0.3834510595358224, 0.3890020366598778, 0.384446878422782, 0.3921161825726141], "folds_cross_rec": [0.6666666666666666, 0.0, 0.19672131147540983, 0.0, 0.2, 0.0, 0.16326530612244897, 0.0, 0.125, 0.16129032258064516, 0.25, 0.6451612903225806, 0.0, 0.15384615384615385, 0.8, 0.3, 0.5362318840579711, 0.0, 0.16666666666666666, 0.0, 0.09090909090909091, 0.0, 0.1292517006802721, 0.4444444444444444, 0.29213483146067415, 0.4, 0.4166666666666667, 0.6, 0.5172413793103449, 0.0, 0.08333333333333333, 0.2839506172839506, 0.2], "folds_train_f1": [0.5260273972602739, 0.52400548696845, 0.5378514780100937, 0.5203028217481074, 0.520471894517696, 0.5237113402061856, 0.5445544554455446, 0.5258019525801952, 0.5234806629834254, 0.5250529287226535, 0.5285118219749653, 0.5111111111111111, 0.5257378174330817, 0.5286713286713287, 0.5217391304347826, 0.521923620933522, 0.5097402597402597, 0.5254470426409904, 0.5187760778859527, 0.5289706884798909, 0.5258019525801952, 0.52400548696845, 0.5196078431372549, 0.5234806629834254, 0.5260770975056689, 0.5208333333333334, 0.532871972318339, 0.5224429727740986, 0.5289957567185289, 0.5226960110041265, 0.5279889426399447, 0.5254491017964071, 0.5312719606465214], "folds_cross_f1": [0.4444444444444444, 0.0, 0.3287671232876712, 0.0, 0.3076923076923077, 0.0, 0.2807017543859649, 0.0, 0.2222222222222222, 0.2631578947368421, 0.36363636363636365, 0.7079646017699115, 0.0, 0.26666666666666666, 0.8888888888888888, 0.4186046511627907, 0.6351931330472103, 0.0, 0.2857142857142857, 0.0, 0.16666666666666666, 0.0, 0.2275449101796407, 0.5714285714285714, 0.4406779661016949, 0.5333333333333333, 0.45454545454545453, 0.631578947368421, 0.625, 0.0, 0.15384615384615385, 0.42201834862385323, 0.3333333333333333], "folds_train_roc_auc": [0.6888920950656363, 0.6878529207155695, 0.6952748029003681, 0.685628873261159, 0.685832884467561, 0.6873165942249635, 0.6989026063100137, 0.6887813696399425, 0.6874314950592701, 0.6884820260916718, 0.689696322060848, 0.6809120233020953, 0.688618934124552, 0.6904086666876158, 0.6863666186214215, 0.6867284392838311, 0.6798844800272188, 0.6885016666674407, 0.6851631766666504, 0.6904403357015783, 0.6890684534149034, 0.6877071810386428, 0.684390294562135, 0.6875808445757405, 0.6882856595441283, 0.6859048176395076, 0.6915693318982481, 0.6860478488101956, 0.6894843891503483, 0.6869761592025645, 0.689736379983211, 0.6881072718205838, 0.6914039887811358], "folds_cross_roc_auc": [0.8252032520325203, 0.49833333333333335, 0.5983606557377049, 0.4982698961937716, 0.5983974358974359, 0.49843260188087773, 0.5816326530612245, 0.5, 0.5625, 0.576015531660693, 0.621268656716418, 0.8015078482264244, 0.5, 0.5769230769230769, 0.9, 0.6437106918238994, 0.7195048309178744, 0.5, 0.5833333333333334, 0.4982078853046595, 0.5454545454545454, 0.5, 0.5612925170068027, 0.720335429769392, 0.6389584109910006, 0.6982456140350877, 0.6987179487179487, 0.763265306122449, 0.7515032519327525, 0.5, 0.5416666666666666, 0.6323599240265906, 0.6]}, "n_estimators_400|learning_rate_0.01|max_depth_3|verbose_1": {"folds_train_acc": [0.9345708132499231, 0.9334845828606786, 0.9382665155106668, 0.9339855818743563, 0.9336639801611903, 0.9333608843888831, 0.9377901578458682, 0.9353244078269825, 0.9345765505872656, 0.9363272839126423, 0.9354672704816797, 0.9362405704247184, 0.934822899505766, 0.9351093604229294, 0.9336581320617808, 0.9356610029009532, 0.9439145759900477, 0.9351880473982483, 0.9355237408589968, 0.9343621399176955, 0.9359687049619106, 0.9336913860772568, 0.9422858909615582, 0.9346082665021591, 0.9407216494845361, 0.93456980937661, 0.9351356907894737, 0.9392470345538938, 0.9359133126934984, 0.9340117175454826, 0.9345852249277755, 0.9396417848638575, 0.9347196358369543], "folds_cross_acc": [0.9799196787148594, 0.9834983498349835, 0.8417508417508418, 0.993103448275862, 0.9720496894409938, 0.9937694704049844, 0.8664495114006515, 0.9310344827586207, 0.9761904761904762, 0.8866396761133604, 0.9507042253521126, 0.8978328173374613, 0.9826388888888888, 0.943342776203966, 0.9971671388101983, 0.9252873563218391, 0.768361581920904, 0.9728813559322034, 0.9656357388316151, 0.9928571428571429, 0.9230769230769231, 0.9937106918238994, 0.5959595959595959, 0.9781021897810219, 0.7733333333333333, 0.9728813559322034, 0.9558823529411765, 0.8590163934426229, 0.9516129032258065, 0.988929889298893, 0.961038961038961, 0.8152492668621701, 0.9341317365269461],