{"lstm-svm": {"window_size_640|n_a_16|drop_prob_0.05|C_1|gamma_0.001|units_10": {"folds_train_loss": [], "folds_cross_loss": [], "folds_train_acc": [0.49424999952316284, 0.5047500133514404, 0.5005000233650208, 0.4972499907016754, 0.4997499883174896], "folds_cross_acc": [0.5239999890327454, 0.4819999933242798, 0.4970000088214874, 0.5099999904632568, 0.5019999742507935], "folds_train_prec": [0.49424999952316284, 0.5047500133514404, 0.0, 0.0, 0.4997499883174896], "folds_cross_prec": [0.5239999890327454, 0.4819999933242798, 0.0, 0.0, 0.5019999742507935], "folds_train_rec": [1.0, 1.0, 0.0, 0.0, 1.0], "folds_cross_rec": [1.0, 1.0, 0.0, 0.0, 1.0], "folds_train_f1": [0.6615357995033264, 0.6708754897117615, 0.6662220358848572, 0.6691066026687622, 0.6664443016052246], "folds_cross_f1": [0.6876640319824219, 0.6504722833633423, 0.669327974319458, 0.6577180624008179, 0.6684420108795166], "folds_train_roc_auc": [0.5126779079437256, 0.518130362033844, 0.5066575407981873, 0.4971874952316284, 0.5], "folds_cross_roc_auc": [0.5, 0.5, 0.5, 0.5, 0.5]}}}