{"svm": {"C_1|gamma_0.001|probability_True": {"folds_train_acc": [0.52575, 0.51575, 0.54, 0.53, 0.53325], "folds_cross_acc": [0.511, 0.467, 0.484, 0.496, 0.514], "folds_train_prec": [0.5205264807270448, 0.51575, 0.5368020304568528, 0.5283824157063594, 0.5308641975308642], "folds_cross_prec": [0.5082174462705437, 0.467, 0.5, 0.5115864527629234, 0.539179104477612], "folds_train_rec": [0.8190335305719921, 1.0, 0.6300893743793445, 0.6150024838549428, 0.5799200799200799], "folds_cross_rec": [0.8007968127490039, 1.0, 0.5736434108527132, 0.5551257253384912, 0.5473484848484849], "folds_train_f1": [0.6365204062080858, 0.6805211941283194, 0.5797167656464138, 0.5684113865932048, 0.5543089042730962], "folds_cross_f1": [0.6218097447795824, 0.6366734832992502, 0.5342960288808665, 0.5324675324675324, 0.543233082706767], "folds_train_roc_auc": [0.5215857308032374, 0.5, 0.5393649288815152, 0.5294438690034653, 0.5332032832032831], "folds_cross_roc_auc": [0.5098361573785181, 0.5, 0.4810365814594145, 0.4939189703297011, 0.512021700051361]}, "C_1|gamma_0.01|probability_True": {"folds_train_acc": [0.6175, 0.614, 0.6195, 0.61925, 0.6055], "folds_cross_acc": [0.477, 0.503, 0.508, 0.498, 0.51], "folds_train_prec": [0.601907032181168, 0.5928705440900562, 0.6092105263157894, 0.5988416988416988, 0.5881683731513083], "folds_cross_prec": [0.48396946564885496, 0.5066666666666667, 0.5289982425307557, 0.5060422960725075, 0.5090634441087614], "folds_train_rec": [0.7415565345080763, 0.7748896517900932, 0.6876237623762376, 0.7621621621621621, 0.7591776798825257], "folds_cross_rec": [0.6314741035856574, 0.6758893280632411, 0.5733333333333334, 0.6568627450980392, 0.6713147410358565], "folds_train_f1": [0.6644736842105263, 0.6717687074829932, 0.6460465116279069, 0.6707027027027027, 0.6628205128205128], "folds_cross_f1": [0.5479688850475367, 0.5791701947502117, 0.5502742230347349, 0.5716723549488054, 0.5790378006872853], "folds_train_roc_auc": [0.6147741793644111, 0.6108002567976474, 0.6188118811881188, 0.6167044907502923, 0.6021233315099904], "folds_cross_roc_auc": [0.4763796220739532, 0.500900129618665, 0.5045614035087719, 0.49475790316126445, 0.5093521496343941], "folds_train_roc_auc_prob": [0.663670031472048, 0.3347699212625601, 0.3472667266726673, 0.3313185913185913, 0.33544993673325496], "folds_cross_roc_auc_prob": [0.4716835469367511, 0.48814829335424303, 0.49968120300751884, 0.4920388155262106, 0.49720795532728523]}, "C_1|gamma_0.1|probability_True": {"folds_train_acc": [0.9985, 0.999, 0.9995, 0.99925, 0.99975], "folds_cross_acc": [0.496, 0.487, 0.489, 0.505, 0.496], "folds_train_prec": [1.0, 0.9994848016486347, 1.0, 1.0, 1.0], "folds_cross_prec": [0.4727272727272727, 0.48725212464589235, 0.4675324675324675, 0.49732620320855614, 0.4739583333333333], "folds_train_rec": [0.9969496695475343, 0.9984559958826557, 0.9989801121876594, 0.9984646878198568, 0.999490575649516], "folds_cross_rec": [0.43333333333333335, 0.3412698412698413, 0.37037037037037035, 0.3772819472616633, 0.3760330578512397], "folds_train_f1": [0.9984725050916496, 0.9989701338825953, 0.9994897959183674, 0.9992317541613316, 0.9997452229299363], "folds_cross_f1": [0.45217391304347826, 0.4014002333722287, 0.4133180252583238, 0.4290657439446367, 0.41935483870967744], "folds_train_roc_auc": [0.9984748347737671, 0.998984925505742, 0.9994900560938297, 0.9992323439099284, 0.999745287824758], "folds_cross_roc_auc": [0.4935897435897436, 0.4881752432155658, 0.48576884277273374, 0.5032366343803385, 0.4922800948170927], "folds_train_roc_auc_prob": [1.6754561429349126e-05, 6.255080689289885e-06, 2.5009509866123823e-07, 3.0015878399673402e-06, 1.5005135507627433e-06], "folds_cross_roc_auc_prob": [0.5087179487179487, 0.508092517921147, 0.5117251925509599, 0.5073714448031814, 0.5115518290729707]}}}