{"lstm-svm": {"window_size_640|n_a_16|drop_prob_0.05|C_1|gamma_0.001|units_10": {"folds_train_acc": [0.50525, 0.49475, 0.50875, 0.50425, 0.5065], "folds_cross_acc": [0.509, 0.491, 0.495, 0.513, 0.504], "folds_train_prec": [0.50525, 0.0, 0.50875, 0.50425, 0.5065], "folds_cross_prec": [0.509, 0.0, 0.495, 0.513, 0.504], "folds_train_rec": [1.0, 0.0, 1.0, 1.0, 1.0], "folds_cross_rec": [1.0, 0.0, 1.0, 1.0, 1.0], "folds_train_f1": [0.6713170569672812, 0.0, 0.6743993371996686, 0.670433770982217, 0.6724195154331232], "folds_cross_f1": [0.6746189529489728, 0.0, 0.6622073578595318, 0.6781229345670853, 0.6702127659574468], "folds_train_roc_auc": [0.5, 0.5, 0.5, 0.5, 0.5], "folds_cross_roc_auc": [0.5, 0.5, 0.5, 0.5, 0.5]}, "window_size_640|n_a_16|drop_prob_0.05|C_1|gamma_0.01|units_10": {"folds_train_acc": [0.49475, 0.50525, 0.50875, 0.50425, 0.4935], "folds_cross_acc": [0.491, 0.509, 0.495, 0.513, 0.496], "folds_train_prec": [0.0, 0.50525, 0.50875, 0.50425, 0.0], "folds_cross_prec": [0.0, 0.509, 0.495, 0.513, 0.0], "folds_train_rec": [0.0, 1.0, 1.0, 1.0, 0.0], "folds_cross_rec": [0.0, 1.0, 1.0, 1.0, 0.0], "folds_train_f1": [0.0, 0.6713170569672812, 0.6743993371996686, 0.670433770982217, 0.0], "folds_cross_f1": [0.0, 0.6746189529489728, 0.6622073578595318, 0.6781229345670853, 0.0], "folds_train_roc_auc": [0.5, 0.5, 0.5, 0.5, 0.5], "folds_cross_roc_auc": [0.5, 0.5, 0.5, 0.5, 0.5]}}}