{"gbt": {"n_estimators_200|learning_rate_0.01|max_depth_3": {"folds_train_acc": [0.9253883112591199, 0.9264904960123306, 0.9263552154857001, 0.9282278222721012, 0.9264994469618582, 0.9249927422188947, 0.9251745672385943, 0.9269770179659108, 0.9262034955028619, 0.9247774862769393, 0.9286200037186367, 0.9277656034412791, 0.929317734628819, 0.924623345116619, 0.9262050377564499, 0.9248529197444217, 0.9255726305577354, 0.9254595768405349, 0.9258792405455751, 0.9250558657796012, 0.9246320486340148, 0.9259701644260337, 0.9255212723819584, 0.9261643201327017, 0.9292853337547698, 0.9283717777874034, 0.9304109002710801, 0.9345824955481351, 0.9340834295538589, 0.9244725663311869, 0.9255454635582298, 0.9258479157286365, 0.9248906254369262], "folds_cross_acc": [0.9657225482691163, 0.9303067254478942, 0.9401702786377709, 0.8888038570444632, 0.9360734175229429, 0.9881880273202089, 0.9781052281052282, 0.9179120038924029, 0.9410910147454057, 0.9911655300681959, 0.8487609912070344, 0.8915707047443574, 0.8590255930618145, 0.9950298210735586, 0.9479286065171115, 0.9815184815184815, 0.9690522243713733, 0.962012987012987, 0.9587416193914389, 0.9811799361754358, 0.9962339743589743, 0.9511901692876171, 0.9633076309492157, 0.9403232490675507, 0.8569979716024341, 0.8554835651074589, 0.8052760833399351, 0.7153375127569617, 0.6282577725634795, 0.9965986394557823, 0.9725864123957092, 0.9582223701731025, 0.9921728773183597], "folds_train_prec": [0.9177347732067707, 0.9191098151446897, 0.918869176872258, 0.9207009545737348, 0.9190139153044847, 0.9174571238159503, 0.9176545341878223, 0.9197924399753175, 0.9186506692512281, 0.9172703654716017, 0.9209887972995676, 0.9201880521597382, 0.9221443587456135, 0.9169959987604167, 0.918732371670784, 0.9172010913056352, 0.9181261331653076, 0.9179335283884467, 0.9184048488254827, 0.9174763632284453, 0.9170760721752127, 0.9185714793245577, 0.9179804910734869, 0.918564434910508, 0.9219769406583935, 0.920833634384621, 0.9231076093330617, 0.9275090695866844, 0.9266846059703266, 0.916856948590521, 0.9181265405999061, 0.9183794518764881, 0.9173250838961542], "folds_cross_prec": [0.9618423754716433, 0.9217186593513347, 0.9382951708415258, 0.8840406682626163, 0.9306755683576229, 0.9868415600685606, 0.9763511309276578, 0.903695818694961, 0.935983169941206, 0.9906517890814733, 0.8562491111303568, 0.8933296820598238, 0.8511672420134145, 0.9935898860232272, 0.942909101796668, 0.9808132349801998, 0.971033378016094, 0.9573610913582095, 0.958886401795267, 0.9710516777074735, 0.995619952166688, 0.9426126448119553, 0.9632428803231846, 0.9319405128800418, 0.8491539402892844, 0.8523986497677946, 0.829457911821716, 0.7302075437097123, 0.7778910587813331, 0.9949023013460704, 0.960886731706384, 0.9568182313415793, 0.9909836166119479], "folds_train_rec": [0.9253883112591199, 0.9264904960123306, 0.9263552154857001, 0.9282278222721012, 0.9264994469618582, 0.9249927422188947, 0.9251745672385943, 0.9269770179659108, 0.9262034955028619, 0.9247774862769393, 0.9286200037186367, 0.9277656034412791, 0.929317734628819, 0.924623345116619, 0.9262050377564499, 0.9248529197444217, 0.9255726305577354, 0.9254595768405349, 0.9258792405455751, 0.9250558657796012, 0.9246320486340148, 0.9259701644260337, 0.9255212723819584, 0.9261643201327017, 0.9292853337547698, 0.9283717777874034, 0.9304109002710801, 0.9345824955481351, 0.9340834295538589, 0.9244725663311869, 0.9255454635582298, 0.9258479157286365, 0.9248906254369262], "folds_cross_rec": [0.9657225482691163, 0.9303067254478942, 0.9401702786377709, 0.8888038570444632, 0.9360734175229429, 0.9881880273202089, 0.9781052281052282, 0.9179120038924029, 0.9410910147454057, 0.9911655300681959, 0.8487609912070344, 0.8915707047443574, 0.8590255930618145, 0.9950298210735586, 0.9479286065171115, 0.9815184815184815, 0.9690522243713733, 0.962012987012987, 0.9587416193914389, 0.9811799361754358, 0.9962339743589743, 0.9511901692876171, 0.9633076309492157, 0.9403232490675507, 0.8569979716024341, 0.8554835651074589, 0.8052760833399351, 0.7153375127569617, 0.6282577725634795, 0.9965986394557823, 0.9725864123957092, 0.9582223701731025, 0.9921728773183597], "folds_train_f1": [0.9129937543810155, 0.914097890036009, 0.9141915999859551, 0.9154352541834778, 0.9139752650035082, 0.9125397946302497, 0.9126027465918077, 0.9146717649604833, 0.9140875046532199, 0.9121804939727485, 0.9169723529752319, 0.9161579481781271, 0.9173827465708477, 0.9119044859332668, 0.914105256983311, 0.9124859432286082, 0.9131459556687492, 0.9128622846476646, 0.9135763931582996, 0.9126360260920264, 0.9120220177930082, 0.9134596690079801, 0.9130504509010446, 0.9140034772403941, 0.9175173177395403, 0.9166359769367931, 0.9184101211433717, 0.9226714352509722, 0.9223785244404015, 0.9117301633911299, 0.9131398058524871, 0.9134920077886144, 0.9123657612393085], "folds_cross_f1": [0.9538639571459097, 0.9247361666761134, 0.9202754800109634, 0.884094298777741, 0.9318564808892694, 0.9837685606949139, 0.971408579598693, 0.907337377433741, 0.9211892420840919, 0.9882922435841726, 0.8050200858512903, 0.8580548784429715, 0.8532772292204924, 0.9936098811161984, 0.925536315031951, 0.9743530988017144, 0.969976594630476, 0.9521356379064468, 0.9423024793747786, 0.9749962444837558, 0.9949915413969441, 0.9439295233745731, 0.9473594727632171, 0.9207358508600998, 0.8347512464740028, 0.8092359314552016, 0.7676387925926365, 0.7035973221736218, 0.5667183020653527, 0.995749747940062, 0.9615294770370256, 0.9434894876520369, 0.9896581765081579], "folds_train_roc_auc_prob": [0.8745130557057648, 0.8777148292068361, 0.8761684974228772, 0.8732007701643714, 0.8770245006644489, 0.8743126670782504, 0.8734202859128843, 0.8773461914949205, 0.8749920098476209, 0.8710648100632692, 0.8790321997724386, 0.8749860334949279, 0.8748236210274621, 0.8744004893874465, 0.8751591447579168, 0.8736189865324995, 0.8752360432730725, 0.8776856115242091, 0.87482159150994, 0.8753863041433088, 0.8716786474794337, 0.8751941608100272, 0.8764493766286297, 0.875664603356426, 0.8768092187002768, 0.8810937916731589, 0.8753610035921013, 0.8746256215703032, 0.8656372081596085, 0.8705532734518748, 0.8739773491301935, 0.8739964435881559, 0.8741087734214246], "folds_cross_roc_auc_prob": [0.88852878526752, 0.7742199646205493, 0.7835967034045269, 0.8904381983291939, 0.8629266640150093, 0.7802447663553258, 0.8774180565222705, 0.7741409452243436, 0.8578944078673224, 0.9083374898201297, 0.7143347647184364, 0.8962901347227715, 0.859075274881941, 0.7362679835482198, 0.8354284019193658, 0.8464846380365633, 0.9422784892371467, 0.728911337365086, 0.8143569416865476, 0.7374474927802571, 0.8625745897192862, 0.8265874728206808, 0.7210624596061986, 0.8600746092053388, 0.7590880008356782, 0.8079603000494033, 0.8096959092985946, 0.7880483911423617, 0.8000556023974246, 0.8340537084398979, 0.8523882379038571, 0.8573768106765086, 0.8977543453089278]}, "n_estimators_200|learning_rate_0.01|max_depth_5": {"folds_train_acc": [0.9304598723847777, 0.9316772548204408, 0.9310134699278697, 0.9326710197418763, 0.9313672020347726, 0.9295816971493474, 0.9298144308917238, 0.9321697292317142, 0.9309254905968929, 0.9294431994044204, 0.9332199064227988, 0.9322498173849525, 0.9334589161239152, 0.9295946566648311, 0.930796384950358, 0.92954977206076, 0.9302456108270921, 0.9303958432512659, 0.9305527671394409, 0.9299043537131019, 0.9293156448412951, 0.9307707946834736, 0.9304293070352728, 0.9310617663371173, 0.9339041418881545, 0.9334141885642506, 0.9348821922833908, 0.9388108091535964, 0.9369980213329807, 0.9294653593209394, 0.9302660779244549, 0.930548878052255, 0.9294105086012512],