{"gbt": {"n_estimators_200|learning_rate_0.01|max_depth_3": {"folds_train_acc": [0.9256081206596891, 0.9283377271144171, 0.9238378272294678, 0.933706541707441, 0.9247990727608242, 0.9276685464873189, 0.9239997865804859, 0.9266610720814139, 0.9242502190256923, 0.9241328837127748, 0.9250992429309279, 0.9241366013055314, 0.9239814978176323, 0.9247134595897386, 0.9254477269248431, 0.9260659835741825, 0.924956347804428, 0.9256406669295044, 0.9337730327308231, 0.9247609153961319, 0.926313795945109, 0.9240918882308308, 0.9256276634044085, 0.9238165378891358, 0.925019894185813, 0.924327610945466, 0.9258122638473215, 0.9283722067554935, 0.9283471295741235, 0.9245935899847961, 0.925361825042463, 0.9277707704264292, 0.9299308553310158], "folds_cross_acc": [0.9419121276945861, 0.8647178789938818, 0.9926447574334898, 0.7185363014695184, 0.9628236902828818, 0.87782173609495, 0.9958391123439667, 0.8904468124883156, 0.9856559019152176, 0.9925064599483204, 0.9549579831932773, 0.9952546085052016, 0.9827610770765066, 0.9695904376867639, 0.9421160721077052, 0.9338374291115312, 0.9623158615964371, 0.9342346853613754, 0.6458403787622591, 0.9598513611761855, 0.9165334630620613, 0.989910404390992, 0.9372959335114277, 0.995990250805881, 0.9625296710749407, 0.9790888722927558, 0.9288973384030418, 0.8467432950191571, 0.8612721171446004, 0.9732316814908937, 0.9464662669931605, 0.8588550701782053, 0.811818473380372], "folds_train_prec": [0.7965912117177097, 0.8020827306913508, 0.7953287933602894, 0.7914685684099313, 0.7949826527888978, 0.7999517665501025, 0.79556310370449, 0.7925644504748982, 0.7963041406332734, 0.7960942904272867, 0.7951491138833859, 0.7959183673469388, 0.7954835960801022, 0.7986044015029522, 0.7953813104189044, 0.7985404688191066, 0.7958736437008926, 0.7950287217480002, 0.7885632505755709, 0.79642567018684, 0.8004594683295044, 0.795496787212575, 0.7958843756716097, 0.7958847299021693, 0.7956068503350707, 0.7954606284460146, 0.7978245576059311, 0.7921019526335941, 0.7966795542415284, 0.7961072112316528, 0.7985802536035548, 0.793821760524877, 0.7903917643694596], "folds_cross_prec": [0.6888888888888889, 0.7311370882040382, 0.8333333333333334, 0.7881495415001175, 0.8846153846153846, 0.783349101229896, 0.0, 0.8639455782312925, 0.3076923076923077, 0.96, 0.9166666666666666, 0.5789473684210527, 1.0, 0.4722222222222222, 0.8160919540229885, 0.7386117136659436, 0.9384615384615385, 0.7647058823529411, 0.9541021227768216, 0.8246753246753247, 0.579750346740638, 1.0, 0.8092485549132948, 0.95, 0.7558139534883721, 0.881578947368421, 0.5540540540540541, 0.8765182186234818, 0.8342245989304813, 0.3333333333333333, 0.6149732620320856, 0.8181818181818182, 0.946236559139785], "folds_train_rec": [0.3704639468925714, 0.3588734727686892, 0.36475209837985556, 0.3446828089952263, 0.36649523856394106, 0.3462331358785, 0.3651555382329298, 0.36775964541150397, 0.3673873213631367, 0.36504489556900255, 0.3668906566529967, 0.3649211725431906, 0.36584529466516436, 0.364925190090753, 0.3681973000522089, 0.3627869593610288, 0.3667758701381876, 0.3681541330018645, 0.3587848932676519, 0.3631380102229795, 0.3678917994871537, 0.36589238172003613, 0.3690149967614967, 0.3648750761730652, 0.36837568951930655, 0.3643585719890153, 0.3659947371034209, 0.37322818411422093, 0.3637118754055808, 0.3669567348939821, 0.3650121365235052, 0.3713869135928787, 0.36688966762238506], "folds_cross_rec": [0.042876901798063624, 0.5588952071486596, 0.18181818181818182, 0.5303797468354431, 0.05054945054945055, 0.5971871619184999, 0.0, 0.18326118326118326, 0.10062893081761007, 0.21818181818181817, 0.14285714285714285, 0.2, 0.09701492537313433, 0.5771604938271605, 0.16303099885189437, 0.53203125, 0.1227364185110664, 0.13463751438434982, 0.28811503811503814, 0.21273031825795644, 0.31762917933130697, 0.1830065359477124, 0.14705882352941177, 0.2753623188405797, 0.1337448559670782, 0.2161290322580645, 0.4039408866995074, 0.18891797556719023, 0.3643441027637213, 0.056856187290969896, 0.3194444444444444, 0.135, 0.3339171044950379], "folds_train_f1": [0.5057315794812836, 0.4958778189101704, 0.5001338240214118, 0.4802275732200809, 0.5017010812813689, 0.48328992660316533, 0.5005593308066051, 0.5023996697228769, 0.5028000200598453, 0.5005604162135938, 0.5021046403516186, 0.5004093225294461, 0.5011912351934499, 0.5009427609427609, 0.5033733834100913, 0.49891195468204896, 0.5021414359424005, 0.5032624209882417, 0.49318000505905474, 0.4988297547573013, 0.5040992077161557, 0.501238037877267, 0.5042380093270246, 0.500359333478181, 0.5035852550075745, 0.499789792314807, 0.501795408519256, 0.5073837260225978, 0.49942081157664, 0.5023574221043977, 0.5010199224858911, 0.5060295552767322, 0.5011513426286874], "folds_cross_f1": [0.08072916666666667, 0.6335174953959485, 0.29850746268656714, 0.6340679088243639, 0.09563409563409564, 0.6777163904235728, 0.0, 0.30238095238095236, 0.15165876777251186, 0.35555555555555557, 0.24719101123595505, 0.2972972972972973, 0.17687074829931973, 0.5194444444444445, 0.27177033492822966, 0.6185286103542235, 0.21708185053380782, 0.22896281800391388, 0.44258150365934795, 0.3382157123834887, 0.4104074619538537, 0.30939226519337015, 0.24888888888888888, 0.42696629213483145, 0.22727272727272727, 0.3471502590673575, 0.4672364672364672, 0.3108399138549892, 0.5071796261175833, 0.09714285714285714, 0.42047531992687387, 0.2317596566523605, 0.4936353829557713], "folds_train_roc_auc": [0.67981651919475, 0.6746147183253866, 0.6769016537641146, 0.667913560961171, 0.6778038245843201, 0.6684290017157218, 0.6771145592679371, 0.6784924901260627, 0.6782247129884208, 0.6770874955956283, 0.6780222087712338, 0.677023495115364, 0.677441052074162, 0.6771478312775603, 0.6786829795490422, 0.6762264003848479, 0.6779763484071883, 0.678667908618126, 0.674646331659959, 0.6762333211815649, 0.6787487262765152, 0.6774728639129435, 0.6791036538134684, 0.67697483784207, 0.6787402272240801, 0.6767562278495597, 0.6777253725028852, 0.681242367593647, 0.6767978031020945, 0.6780404860932224, 0.6772398530794115, 0.68035740284442, 0.6782826729433298], "folds_cross_roc_auc": [0.5208260810276295, 0.7522608423450154, 0.5907512377125637, 0.7045246431457044, 0.5251413445171226, 0.7759606495498804, 0.4997824762899156, 0.5894828253075676, 0.548853426447766, 0.6090474308300395, 0.5710740872031195, 0.599633128496744, 0.5485074626865671, 0.7791266554534754, 0.5802121432838813, 0.7554602641030134, 0.5611893023765637, 0.5656990325453649, 0.6374524992424596, 0.6052193434779852, 0.6472258189167818, 0.5915032679738562, 0.5722119413079827, 0.6376416337285902, 0.5659440460206744, 0.6076812438353605, 0.6883734099752172, 0.591479308221266, 0.673351032696477, 0.5269506036402702, 0.6532491484112001, 0.5646915371653248, 0.6633658040715297]}}}