{"gbt": {"n_estimators_200|learning_rate_0.01|max_depth_3": {"folds_train_acc": [0.9289591307317123, 0.9326249568452952, 0.9235775168476202, 0.9239260810343776, 0.9244270428139627, 0.9230357459979197, 0.923015044675814, 0.9237926518512503, 0.9226818058934847, 0.9243652629171221, 0.9228237052552377, 0.9244101862007365, 0.9228652321920453, 0.9230356698064772, 0.922701314844343, 0.9249537040555501, 0.923851603565171, 0.9253541065609232, 0.9274187183841182, 0.9239435831136176, 0.9233973152040058, 0.927051764699885, 0.9257143726760377, 0.9246012887533024, 0.9271654145302195, 0.9239909698282437, 0.924035756259126, 0.9232518056676451, 0.9243349412794366, 0.9273470715449262, 0.926380696640732, 0.9246320576980438, 0.9326849960962434], "folds_cross_acc": [0.8053522235340417, 0.7156542719273347, 0.9717398706162751, 0.9616013775290573, 0.9425164347959027, 0.995254175412978, 0.9907294462063918, 0.9723995325002247, 0.9922504411877542, 0.9444968688341769, 0.9956518032227811, 0.9417132522196646, 0.9828098471986417, 0.9910141206675225, 0.9958509534828054, 0.9261363636363636, 0.9641247680480692, 0.9155629139072847, 0.8421223430147655, 0.958179581795818, 0.9766096371600959, 0.8609504455213381, 0.8941555453290382, 0.93501200785969, 0.8573560600109967, 0.9603531708973597, 0.9563264287496881, 0.9832198443579766, 0.9451941385876315, 0.8531739205229658, 0.8823529411764706, 0.9343065693430657, 0.6450151057401813], "folds_train_prec": [0.7874120997268553, 0.7894204169759126, 0.789440203562341, 0.788498199533997, 0.7880762861263957, 0.7897501193697278, 0.7877686472819216, 0.7933038332355921, 0.7889591413846235, 0.7912200377053595, 0.7899824719817283, 0.7884738527214514, 0.7891825772483114, 0.7897503983005841, 0.7892919742922399, 0.7939590075512406, 0.7896667198214001, 0.7954952510176391, 0.7819200517185648, 0.7883662707079316, 0.7888050180735701, 0.7856623609014147, 0.7846607669616519, 0.789783679588777, 0.7896816803811174, 0.787761793949651, 0.7897803196322626, 0.78964042452083, 0.7890517149835404, 0.7958045977011494, 0.791315852778446, 0.7890702547700452, 0.7805455224810064], "folds_cross_prec": [0.9316170555108608, 0.7822790807865435, 0.5, 0.8245614035087719, 0.9120879120879121, 0.6363636363636364, 1.0, 0.4712328767123288, 0.92, 0.6172839506172839, 0.0, 0.8260869565217391, 0.9318181818181818, 0.8148148148148148, 0.9259259259259259, 0.5197368421052632, 0.8928571428571429, 0.5317577548005908, 0.8875739644970414, 0.7818181818181819, 0.8470588235294118, 0.8383349467570184, 0.9171974522292994, 0.7244897959183674, 0.8056338028169014, 0.925, 0.9381443298969072, 0.41509433962264153, 0.8787878787878788, 0.6929217668972858, 0.7818515123739689, 0.7193347193347194, 0.9646990740740741], "folds_train_rec": [0.3587333527496095, 0.3350035790980673, 0.3633701778786326, 0.3646649686520376, 0.3650310543636949, 0.36078526417838097, 0.36326758647493196, 0.36267030636866604, 0.36047386691913674, 0.3620387942720528, 0.36029554263565894, 0.3646954289663343, 0.36162694351025976, 0.36100793824193433, 0.3603297769156159, 0.3632415358799724, 0.36334287181744807, 0.3659858170195765, 0.3723830049261084, 0.36352918058557676, 0.36216532838698656, 0.3617684167160182, 0.36663909981705634, 0.36569643476967323, 0.37134056310778474, 0.3652525747915645, 0.36300208819555335, 0.36371817009995866, 0.36578221915920056, 0.3561196409742047, 0.34126099022226836, 0.3573051664294454, 0.35327940471828406], "folds_cross_rec": [0.32656514382402707, 0.5167449139280125, 0.060240963855421686, 0.09730848861283643, 0.18403547671840353, 0.12727272727272726, 0.22448979591836735, 0.6013986013986014, 0.1885245901639344, 0.33692722371967654, 0.0, 0.14267834793491865, 0.14590747330960854, 0.18032786885245902, 0.3333333333333333, 0.3994943109987358, 0.05841121495327103, 0.2841357537490134, 0.1923899102180419, 0.21393034825870647, 0.21052631578947367, 0.34947538337368844, 0.20396600566572237, 0.14475025484199797, 0.14067879980324643, 0.1383177570093458, 0.14918032786885246, 0.1111111111111111, 0.042212518195050945, 0.5353618421052632, 0.6185641769398115, 0.5457413249211357, 0.28564084989718985], "folds_train_f1": [0.4929059953434226, 0.4703895790616331, 0.49766905609303724, 0.49869381740237123, 0.4989514983426909, 0.4953002046282587, 0.4972403245112382, 0.49777539892282474, 0.4948512013863432, 0.496770266157124, 0.4948841233134244, 0.49871742945862024, 0.49598074769791267, 0.49551005447911634, 0.49478082807531587, 0.4984423676012461, 0.4976884422110553, 0.5013253980469619, 0.5045013730056658, 0.497604438093637, 0.49641214351425944, 0.4954160789844852, 0.4997608799617408, 0.49991526859854263, 0.5051425009523149, 0.49909529553679133, 0.49739118726226145, 0.4980351671773012, 0.4998486428307154, 0.4920491089671837, 0.4768687143245447, 0.49187879204551316, 0.4864078235054427], "folds_cross_f1": [0.48360826894967635, 0.622373009141457, 0.10752688172043011, 0.17407407407407408, 0.3062730627306273, 0.21212121212121213, 0.36666666666666664, 0.5284178187403994, 0.3129251700680272, 0.43591979075850046, 0.0, 0.24332977588046958, 0.2523076923076923, 0.2953020134228188, 0.49019607843137253, 0.4517512508934953, 0.10964912280701754, 0.37037037037037035, 0.31623330990864373, 0.3359375, 0.3372365339578454, 0.49330675021361436, 0.33371958285052145, 0.2412914188615123, 0.23953098827470687, 0.24065040650406505, 0.25742574257425743, 0.1752988047808765, 0.08055555555555556, 0.6040361864996521, 0.6906882591093118, 0.6206278026905829, 0.440772078265468], "folds_train_roc_auc": [0.6742095227626825, 0.6631197165940478, 0.6760493836532178, 0.6766701275153122, 0.6768746867577677, 0.6747778861199631, 0.6759052812003394, 0.6758432628238259, 0.6745772174712982, 0.6755277097598232, 0.6745331762105073, 0.6767241739224588, 0.6751499188043387, 0.6748843648069733, 0.6745195848608659, 0.6762286235321481, 0.6760653971977304, 0.6776190027585111, 0.6804711604860881, 0.6761246493467886, 0.6754400799381923, 0.6754626477180018, 0.6776543911288725, 0.6772564532017527, 0.6801692252378019, 0.6769351866719502, 0.6759207534629601, 0.6761947481925489, 0.6772543693264933, 0.6730502045059621, 0.6657235711161344, 0.673222460728195, 0.6717142274225973], "folds_cross_roc_auc": [0.6586423273438293, 0.6987126283480622, 0.529244518367795, 0.5482050887189227, 0.591360923909284, 0.5634529110588549, 0.6122448979591837, 0.7917946222827648, 0.5941848417476011, 0.6613632912001955, 0.49931588848982383, 0.5702833006722547, 0.5728454724902428, 0.5899477275594994, 0.6665863969604537, 0.684527724664384, 0.5290678537802446, 0.6300866235673784, 0.5933412452862514, 0.6054123790982974, 0.6047102957700452, 0.6666434691199578, 0.6006077780365002, 0.5702591399601838, 0.5671144980508099, 0.5688920695398917, 0.5743272597191953, 0.554278574174768, 0.5209306972997727, 0.7363017607306825, 0.7860171813340309, 0.7612427554838237, 0.6378039775801739]}}}