{"gbt": {"n_estimators_200|learning_rate_0.01|max_depth_3": {"folds_train_acc": [0.9258278347685519, 0.9256459544259511, 0.9259519178204101, 0.9268346444723141, 0.9249885455378506, 0.9281627593173128, 0.9248222413456095, 0.9250087199162889, 0.9304107620210134, 0.9260326535408732, 0.9278092494636853, 0.9289931650359039, 0.9253713899524632, 0.9251399888568616, 0.9244737571413679, 0.9244652167929827, 0.9284619341301813, 0.929241520272595, 0.9244529456771232, 0.9264399934731175, 0.9252372032104293, 0.9253873186647321, 0.9246836392483111, 0.9246147395977135, 0.9342906630969048, 0.9262118496498237, 0.9257085282915175, 0.9268233397725383, 0.928995755277893, 0.9261336883015737, 0.926227630855677, 0.9343842499821994, 0.9258654457586163], "folds_cross_acc": [0.9627918911983577, 0.9611256655117045, 0.9484884310082756, 0.9267638036809815, 0.9812505094970245, 0.8889058679706602, 0.9935679828479542, 0.9876903142209265, 0.8044846577498033, 0.9426337328266589, 0.890797659949856, 0.8617460986925348, 0.968798751950078, 0.9794361525704809, 0.9958544839255499, 0.9957563850687623, 0.8559574639490857, 0.8518431372549019, 0.9924003991709527, 0.9363713864992638, 0.9727622972851895, 0.9734207801173628, 0.991459496025706, 0.9828117166797966, 0.7216419545686947, 0.9386631513647643, 0.9624607243261121, 0.9231038343129023, 0.845049983876169, 0.9442263657180242, 0.9397946611909651, 0.6327526718842044, 0.9524922768639893], "folds_train_prec": [0.7973380752236232, 0.793132955396299, 0.7980763976173562, 0.7980157446349617, 0.7943690565231328, 0.7951353612621765, 0.7936288088642659, 0.7953805942284099, 0.7994939149295096, 0.7939837398373983, 0.7897266125587356, 0.7980431654676259, 0.7934695190606402, 0.7947368421052632, 0.7949214547019583, 0.7951677852348993, 0.789462213262137, 0.7921104536489152, 0.7944808332438527, 0.7945440460380699, 0.7950169875424689, 0.7948088015381328, 0.794188602369592, 0.7943167168027503, 0.7944362712317774, 0.7929355763509494, 0.7951456310679612, 0.7967280830479917, 0.7903768691717706, 0.7950577491270481, 0.7934806034482759, 0.7902160671924088, 0.793891073641114], "folds_cross_prec": [1.0, 0.7528089887640449, 0.5977337110481586, 0.5125, 0.4117647058823529, 0.7761126248864668, 0.48148148148148145, 0.9666666666666667, 0.9086336965632859, 0.8360655737704918, 0.863481228668942, 0.7126684636118599, 0.9411764705882353, 0.8426966292134831, 0.0, 0.92, 0.8306188925081434, 0.8242481203007519, 0.88, 0.7254901960784313, 0.5152354570637119, 0.48717948717948717, 0.7727272727272727, 0.9615384615384616, 0.788003885381253, 0.8882978723404256, 0.8424242424242424, 0.5666666666666667, 0.8825910931174089, 0.8387096774193549, 0.8092105263157895, 0.9615861214374225, 0.8962264150943396], "folds_train_rec": [0.3679198368889552, 0.36885959457778883, 0.3648172666183708, 0.3706300711209055, 0.3672355454567907, 0.3497634069400631, 0.36659366618273087, 0.3679003207500617, 0.35624161073825505, 0.3680468318174966, 0.3761348897535668, 0.36220678125489786, 0.3670386904761905, 0.3662780624241974, 0.3633234158695813, 0.36446413190599236, 0.3742090446550789, 0.36862395426293565, 0.36455459203783996, 0.3635373942984455, 0.3649461567025622, 0.3683389847288568, 0.364903810626401, 0.3655985758789497, 0.34407854722391173, 0.3685666155432077, 0.36723712727000973, 0.37093549938004505, 0.37292371778182765, 0.36993526132926735, 0.36925507108291755, 0.35359765893963735, 0.3679007414434431], "folds_cross_rec": [0.11585365853658537, 0.13267326732673268, 0.31075110456553756, 0.36889460154241643, 0.09502262443438914, 0.6400749063670412, 0.18309859154929578, 0.16111111111111112, 0.3132947976878613, 0.1685022026431718, 0.18214542836573075, 0.5444810543657331, 0.08205128205128205, 0.24271844660194175, 0.0, 0.30666666666666664, 0.12807634354595682, 0.3400542846064366, 0.1864406779661017, 0.518976897689769, 0.5904761904761905, 0.06188925081433225, 0.1504424778761062, 0.0946969696969697, 0.524826136179848, 0.17822838847385272, 0.24514991181657847, 0.32829554995801846, 0.18956521739130436, 0.03698435277382646, 0.1487303506650544, 0.2651178681243594, 0.14548238897396631], "folds_train_f1": [0.5035048319041786, 0.5035397178411966, 0.5007371849819989, 0.5061732617394575, 0.502271690847366, 0.48582330710386507, 0.5015232869333962, 0.5030956357440491, 0.4928688159263111, 0.5029526883197143, 0.509569501627935, 0.49826616598091883, 0.5019077173525971, 0.50144863692584, 0.4987090132811313, 0.49983125210934864, 0.507744603308102, 0.5031140382275038, 0.49978047215373705, 0.49883619940941465, 0.5002545047337881, 0.5033910058010723, 0.5000506329113924, 0.5007280484914158, 0.480184313170712, 0.5032269138345349, 0.5024283012115945, 0.5061984184536759, 0.5067482709214087, 0.5049298898024632, 0.5039782352035317, 0.48857352387370423, 0.5027976799727055], "folds_cross_f1": [0.20765027322404372, 0.2255892255892256, 0.40891472868217055, 0.4289985052316891, 0.15441176470588236, 0.701559934318555, 0.2653061224489796, 0.2761904761904762, 0.4659359552976574, 0.2804766269477543, 0.30083234244946494, 0.6173243053934159, 0.1509433962264151, 0.3768844221105528, 0.0, 0.46, 0.22193211488250653, 0.481471314850398, 0.3076923076923077, 0.6050986050986051, 0.5502958579881657, 0.10982658959537572, 0.2518518518518518, 0.1724137931034483, 0.6300359188428308, 0.29688888888888887, 0.3797814207650273, 0.41573631047315257, 0.31209735146743023, 0.07084468664850137, 0.2512768130745659, 0.4156400642742367, 0.2503293807641634], "folds_train_roc_auc": [0.6786360108293503, 0.6789524247284352, 0.6771786854529687, 0.6800354545443941, 0.678156199556937, 0.6700398818829649, 0.6778141472829452, 0.6785051484658416, 0.6734356854114738, 0.6786187560425779, 0.6825215440270128, 0.6761609978839914, 0.678067409178039, 0.6777203064129971, 0.6762567317268947, 0.6768094424550558, 0.6816468181226778, 0.6791051434622097, 0.67683218523908, 0.676505404962086, 0.6770979203207865, 0.6787296618175569, 0.6770096647942384, 0.6773404862811625, 0.6677328537682422, 0.6788528735070957, 0.6782372833493634, 0.6801449064377938, 0.6811007798449855, 0.6795622941877513, 0.6791994180913287, 0.6722339444848302, 0.678532534627548], "folds_cross_roc_auc": [0.5579268292682927, 0.5653655884656263, 0.6490152548716785, 0.6703080838662984, 0.5462660855859478, 0.7963764817878592, 0.5909199691541318, 0.5805144641683104, 0.6507555069520388, 0.5830770249283486, 0.5889405180208185, 0.7439706640238551, 0.5409359388369076, 0.6207635293174801, 0.4996604125986926, 0.6532542819499341, 0.5615434490710018, 0.6608343392356733, 0.5931041409816564, 0.7493096788508721, 0.7871706049190836, 0.5300581791701304, 0.5750078008777783, 0.5473119858339582, 0.7042750819418152, 0.5882361944041644, 0.6214471689732671, 0.6527364323334097, 0.591912458260181, 0.518275256647217, 0.5730874171372505, 0.627417119499234, 0.5722555003859587]}}}