{"rf": {"n_estimators_200": {"folds_train_acc": [0.9999695711818807, 0.999966893657334, 0.9999668536460989, 0.9999669533253852, 0.9999694053938291, 0.9999694454346387, 0.9999669127004327, 0.9999719856566562, 0.9999667871696282, 0.9999667873393338, 0.9999668594765326, 0.9999719680231595, 0.9999670564981058, 0.9999743975093898, 0.9999669592047843, 0.9999670016423029, 0.9999744916179456, 0.9999670059135555, 0.9999669660054785, 0.9999669497967413, 0.9999669457630825, 0.9999668893569659, 0.999966970369881, 0.9999692972917653, 0.9999745347498803, 0.9999669133741232, 0.9999669597926092, 0.9999669372723758, 0.9999668996422615, 0.9999745753446948, 0.9999695008819328, 0.9999644274599682, 0.9999643044726496], "folds_cross_acc": [0.9142512077294686, 0.9373644904842207, 0.9293726309275161, 0.9521457765667575, 0.9919386094101232, 0.8385404052635828, 0.9446307352580355, 0.9898163739876513, 0.7200991831971996, 0.9408460977388767, 0.8310779281381241, 0.9970121088221419, 0.9162861491628614, 0.9004814305364511, 0.8623436696933356, 0.9938216332378224, 0.9427437208947248, 0.9732841593955204, 0.9941343914431122, 0.9927032071949771, 0.6263309109345953, 0.870361484325016, 0.9616151113421714, 0.9835457218876908, 0.9665460394049055, 0.9529421392912677, 0.9632296220107996, 0.9797235023041475, 0.8041511872072363, 0.958079268292683, 0.956909106485051, 0.9670557717250324, 0.8742357402677812], "folds_train_prec": [0.9999695713252071, 0.999966894877481, 0.9999668548677967, 0.9999669545415815, 0.9999694055647357, 0.9999694455656495, 0.9999669139195047, 0.9999719857441355, 0.999966788379357, 0.9999667885674973, 0.9999668606932481, 0.9999719688999483, 0.9999670577058212, 0.9999743982386745, 0.9999669604145346, 0.9999670028567966, 0.9999744916282723, 0.9999670071269028, 0.9999669672227969, 0.9999669510151025, 0.9999669469623476, 0.9999668905735085, 0.9999669715854295, 0.9999692974637782, 0.9999745354731604, 0.9999669145936646, 0.99996696100875, 0.9999669384910985, 0.9999669008532514, 0.999974576064636, 0.999969501043757, 0.9999644288705294, 0.9999643058841059], "folds_cross_prec": [0.9064363571568517, 0.9268986463373704, 0.9259037696840577, 0.944273146082761, 0.9913279742546308, 0.8166386425553251, 0.937054385077467, 0.9874041367785953, 0.7308000238779784, 0.9295109197039921, 0.8300289654463467, 0.9967813876134434, 0.9104398653918847, 0.9055530714448229, 0.8572738909877229, 0.9933409357473438, 0.9324877839751295, 0.975355151470063, 0.9929020343132873, 0.9915885376452571, 0.773742229396358, 0.8637762438269442, 0.9497642376041762, 0.9823938117837251, 0.9735225845744843, 0.9387232989567854, 0.9590094481567579, 0.9763344622032041, 0.8236965375653917, 0.9550667370604498, 0.9543148842144923, 0.9634035893334119, 0.8696403740031715], "folds_train_rec": [0.9999695711818807, 0.999966893657334, 0.9999668536460989, 0.9999669533253852, 0.9999694053938291, 0.9999694454346387, 0.9999669127004327, 0.9999719856566562, 0.9999667871696282, 0.9999667873393338, 0.9999668594765326, 0.9999719680231595, 0.9999670564981058, 0.9999743975093898, 0.9999669592047843, 0.9999670016423029, 0.9999744916179456, 0.9999670059135555, 0.9999669660054785, 0.9999669497967413, 0.9999669457630825, 0.9999668893569659, 0.999966970369881, 0.9999692972917653, 0.9999745347498803, 0.9999669133741232, 0.9999669597926092, 0.9999669372723758, 0.9999668996422615, 0.9999745753446948, 0.9999695008819328, 0.9999644274599682, 0.9999643044726496], "folds_cross_rec": [0.9142512077294686, 0.9373644904842207, 0.9293726309275161, 0.9521457765667575, 0.9919386094101232, 0.8385404052635828, 0.9446307352580355, 0.9898163739876513, 0.7200991831971996, 0.9408460977388767, 0.8310779281381241, 0.9970121088221419, 0.9162861491628614, 0.9004814305364511, 0.8623436696933356, 0.9938216332378224, 0.9427437208947248, 0.9732841593955204, 0.9941343914431122, 0.9927032071949771, 0.6263309109345953, 0.870361484325016, 0.9616151113421714, 0.9835457218876908, 0.9665460394049055, 0.9529421392912677, 0.9632296220107996, 0.9797235023041475, 0.8041511872072363, 0.958079268292683, 0.956909106485051, 0.9670557717250324, 0.8742357402677812], "folds_train_f1": [0.9999695694686471, 0.9999668912691533, 0.9999668512241938, 0.9999669509545288, 0.9999694037311078, 0.9999694436710482, 0.999966910321459, 0.9999719842857502, 0.9999667843441823, 0.9999667849390868, 0.9999668569600995, 0.9999719663497725, 0.9999670541242837, 0.9999743960724914, 0.999966956710988, 0.9999669993141288, 0.9999744904847953, 0.9999670035700413, 0.9999669636760732, 0.9999669474621606, 0.9999669429929244, 0.9999668868882715, 0.9999669680132957, 0.9999692956169998, 0.999974533363302, 0.9999669110053973, 0.9999669574308933, 0.999966934925288, 0.9999668970700685, 0.9999745739425633, 0.9999694992083031, 0.9999644247389765, 0.9999643015511307], "folds_cross_f1": [0.9031932768180302, 0.9299154416043147, 0.9273311122906117, 0.9461898758972532, 0.9895744506457437, 0.8196088997505785, 0.9245709277194362, 0.987250434410432, 0.7117990935101517, 0.929948110024449, 0.7892702372119922, 0.9967148546203962, 0.9131261270398473, 0.9028731993610842, 0.859153028323746, 0.9935678139007295, 0.9323063923823175, 0.9742375942607265, 0.9935023019239969, 0.9909152113859552, 0.5641259918571411, 0.8396153585031868, 0.9488454329112395, 0.9781184041700086, 0.9699192067178739, 0.9338942087840946, 0.9531304756175681, 0.9772603501338718, 0.7679232153482568, 0.9469516564322444, 0.955534045256772, 0.9651093306327525, 0.8712169946211703], "folds_train_roc_auc_prob": [0.9999398209263103, 0.9999442416883161, 0.9999394326477452, 0.9999390578705373, 0.9999428890323723, 0.9999390819396963, 0.9999376799125885, 0.9999543187623829, 0.9999302973369092, 0.9999395417177949, 0.9999369042553176, 0.9999490250016687, 0.9999354201619985, 0.9999724372812364, 0.9999337486896557, 0.9999362382091179, 0.9999473466736531, 0.9999347474792012, 0.9999380430514012, 0.9999373769376978, 0.9999291588645913, 0.9999312803431701, 0.9999404805608376, 0.99993747106446, 0.9999423257059517, 0.999937788266529, 0.9999423896678244, 0.9999370655433145, 0.9999341564663342, 0.9999385254553209, 0.9999383188090891, 0.9999402890364649, 0.9999353979907131], "folds_cross_roc_auc_prob": [0.9018450407327435, 0.8682250909935257, 0.9038943979834764, 0.8649725383534326, 0.8697084202507493, 0.7749496050231318, 0.8376357880471227, 0.7418004065150574, 0.7935379609160285, 0.8702109892575509, 0.7555947621292309, 0.9041129097695555, 0.8187121319505527, 0.8073013490490517, 0.8817573342933848, 0.7899870466914138, 0.7983915167379545, 0.9484809005012775, 0.8327627679636684, 0.8872039679665115, 0.7475810046933934, 0.8320858720487434, 0.7314698485068448, 0.8937199706884179, 0.7506215331065312, 0.7853054056381905, 0.8201135964897338, 0.874471429050044, 0.843256575494179, 0.8404626310192387, 0.8938196855038576, 0.9203277191558441, 0.8971835803115038]}}}