{"svm": {"C_1|gamma_0.001|probability_True": {"folds_train_acc": [0.9015678688691491, 0.906279237548469, 0.9083081059473828, 0.9013815884834568, 0.9001778760881531, 0.9010246459262122, 0.9015358747526777, 0.9006229620513341, 0.9027339988851163, 0.9030351681957186, 0.9016903213339503, 0.9060739060561059, 0.9008867691400272, 0.9011269656970586, 0.9050711966025481, 0.9054299864466886, 0.9019868963449037, 0.9020316637499554, 0.901760889712697, 0.9003933649892429, 0.9021171490856551, 0.9052842314656602, 0.9010380956734163, 0.9004703549272857, 0.9002452734557069, 0.9031048721321947, 0.9022875089265832, 0.9019228755532513, 0.9124592719420416, 0.9147726694678157, 0.9002655016651405, 0.9002635879995018, 0.9014082000965914], "folds_cross_acc": [0.9541554302525129, 0.8028913415202861, 0.7316027818211225, 0.9572534500168294, 0.9903294284141835, 0.9754992448397383, 0.9613496932515337, 0.9944756384712914, 0.9330276105856501, 0.89871925826982, 0.9472482881055034, 0.7899924184988628, 0.9745525489863432, 0.9841013638931483, 0.8382295644042702, 0.8230580020630008, 0.9392222508369817, 0.9307850453057184, 0.9420418721202813, 0.9891603300436822, 0.93352215928024, 0.8117845893831144, 0.9722835201694766, 0.9888201914118743, 0.9938419705694178, 0.883688076850631, 0.9261080332409972, 0.9335690086905288, 0.5763104546770924, 0.511417816813049, 0.9791093231703014, 0.9970964987190436, 0.9572416147478023], "folds_train_prec": [0.8936430317848411, 0.9074733096085409, 0.9053993752788934, 0.9053586862575627, 0.9059128182995253, 0.9020661157024793, 0.9041152263374486, 0.9048407116259827, 0.8971098265895954, 0.9051224944320713, 0.9057659208261618, 0.9186911254338126, 0.9054343175010697, 0.8991163475699558, 0.9065502183406113, 0.9081081081081082, 0.9055319148936171, 0.904424778761062, 0.905446623093682, 0.903293918918919, 0.9056764831412719, 0.9173076923076923, 0.9064779064779065, 0.9052092228864219, 0.9038461538461539, 0.9125711329539575, 0.9171943497320993, 0.9065623641894829, 0.8891752577319587, 0.9088471849865952, 0.9065058164584231, 0.9067688378033205, 0.9063573883161512], "folds_cross_prec": [0.9375, 1.0, 1.0, 1.0, 1.0, 0.8333333333333334, 1.0, 0.0, 0.7540983606557377, 0.9259259259259259, 1.0, 0.7563025210084033, 0.0, 0.21428571428571427, 1.0, 1.0, 0.0, 1.0, 1.0, 1.0, 1.0, 0.9188405797101449, 0.0, 1.0, 1.0, 0.8875, 0.8116343490304709, 0.7777777777777778, 0.9834710743801653, 0.0, 0.7777777777777778, 0.0, 0.0], "folds_train_rec": [0.05400812707794606, 0.052856587640886125, 0.05363468146973301, 0.0515286420542588, 0.05113027379908409, 0.05342110415035239, 0.05393926002307824, 0.05318579766536965, 0.057555379746835444, 0.05096819504364403, 0.051909940568666615, 0.04797286801636204, 0.05176125244618395, 0.05956242835191102, 0.053091913457112165, 0.05178126525055865, 0.052579561178098436, 0.050806591931595035, 0.05137841513166028, 0.052130044843049325, 0.052549466333176496, 0.03722587861918265, 0.05170557431605736, 0.0516506273602144, 0.05260596622706701, 0.04429823459983426, 0.04720718010429202, 0.05179648896282869, 0.019793459552495698, 0.05755680692719092, 0.051468969397490155, 0.051763104814211765, 0.05186951498316084], "folds_cross_rec": [0.02608695652173913, 0.018955512572533847, 0.009253731343283582, 0.028680688336520075, 0.0390625, 0.0949367088607595, 0.017817371937639197, 0.0, 0.06284153005464481, 0.019054878048780487, 0.00794912559618442, 0.03523884103367267, 0.0, 0.03314917127071823, 0.0009624639076034649, 0.0075656430796617715, 0.0, 0.04214963119072708, 0.024489795918367346, 0.0945945945945946, 0.0012515644555694619, 0.11573566995253742, 0.0, 0.022222222222222223, 0.06097560975609756, 0.10448859455481972, 0.22678018575851394, 0.007717750826901874, 0.07531645569620253, 0.0, 0.023255813953488372, 0.0, 0.0], "folds_train_f1": [0.10186023827771196, 0.09989471880126338, 0.10127024531456663, 0.0975076214190966, 0.09679725149300192, 0.10086868126790499, 0.10180487013739255, 0.1004662700691366, 0.1081708988685733, 0.09650226770830861, 0.09819241982507289, 0.09118421376374776, 0.09792442788717402, 0.11172366464600252, 0.10030923850019327, 0.09797584623235243, 0.09938816496193545, 0.09620860888188087, 0.09723912026204959, 0.09857142857142857, 0.09933526823331149, 0.07154821129471764, 0.09783086788434382, 0.09772512503745362, 0.09942515520809381, 0.08449489869234085, 0.08979280417729668, 0.09799408089444261, 0.03872488494780559, 0.1082577108337547, 0.09740740740740741, 0.0979355372660812, 0.09812356128072175], "folds_cross_f1": [0.050761421319796954, 0.03720577069096431, 0.01833776989056492, 0.055762081784386616, 0.07518796992481203, 0.17045454545454547, 0.0350109409190372, 0.0, 0.11601513240857504, 0.037341299477221805, 0.015772870662460567, 0.06734006734006734, 0.0, 0.057416267942583726, 0.001923076923076923, 0.015017667844522969, 0.0, 0.08088978766430738, 0.047808764940239036, 0.17283950617283952, 0.0025, 0.20557717250324256, 0.0, 0.04347826086956522, 0.11494252873563218, 0.1869651086240948, 0.35450695704779195, 0.015283842794759825, 0.13991769547325103, 0.0, 0.045161290322580636, 0.0, 0.0], "folds_train_roc_auc": [0.5266336248316764, 0.5261342310606641, 0.5265186911381844, 0.525453758497704, 0.5252549102348487, 0.5263742339778568, 0.5266395885934658, 0.526267087491617, 0.5284007969392428, 0.5251819972869497, 0.5256445495011658, 0.5237552070956243, 0.5255671136911023, 0.529391718615352, 0.5262430053593291, 0.5256021637445668, 0.5259753383416087, 0.5250962710655095, 0.5253812410249047, 0.5257394914079433, 0.5259614730501292, 0.5184305653949988, 0.5255439457948199, 0.5255102189387829, 0.5259758371068484, 0.521910879750296, 0.5233612860547001, 0.5255922173118952, 0.509776097438365, 0.5284933542926135, 0.5254245546543836, 0.5255707095261176, 0.5256257401384133], "folds_cross_roc_auc": [0.5130006039682955, 0.5094777562862669, 0.5046268656716418, 0.51434034416826, 0.51953125, 0.547209778322812, 0.5089086859688196, 0.4999544709524677, 0.530650349002669, 0.5094398349946049, 0.5039745627980922, 0.5160631255721116, 0.5, 0.5156736847344582, 0.5004812319538018, 0.5037828215398309, 0.5, 0.5210748155953635, 0.5122448979591837, 0.5472972972972973, 0.5006257822277848, 0.5565057022656246, 0.5, 0.5111111111111111, 0.5304878048780488, 0.5512722700606478, 0.6108041482488948, 0.5037799550441037, 0.5371243250184162, 0.5, 0.5115557985256337, 0.4998715643462625, 0.5]}}}